data,value
2010,745.1
2011,1108.79
2012,958.739999999999
2013,857.29
2014,973.2
2015,877.19
2016,892.539999999999
2017,1263.75
2018,1097.47
