data,value
2010,6673.09000000001
2011,7959.96
2012,7407.41
2013,8342.78
2014,9191.54000000001
2015,9324.02
2016,9163.96
2017,8723.89
2018,8335.41
