data,value
2010,4953.27
2011,5776.34
2012,5553.85
2013,6657.08
2014,7654.25
2015,7664.65
2016,8223.27000000001
2017,7996.83000000001
2018,7819.93
