data,value
2010,6925.86
2011,8921.72
2012,8936.67999999999
2013,9926.09
2014,7717.63
2015,7312.84
2016,6610.62
2017,7044.88000000001
2018,7887.95
