data,value
2010,5479.08
2011,6687.53
2012,7324.8
2013,6560.17000000001
2014,7361.18000000001
2015,6444.13
2016,4275.8
2017,6487.07
2018,4258.68
